市区町村名,地区名,place_idx,distance,住所
千代田区,飯田橋,0,1.688713182539263,千代田区飯田橋
千代田区,一番町,0,1.0433115859229927,千代田区一番町
千代田区,岩本町,0,2.417422252129211,千代田区岩本町
千代田区,内神田,0,1.4996881575856378,千代田区内神田
千代田区,神田淡路町,0,1.8487430006565164,千代田区神田淡路町
千代田区,神田和泉町,0,2.7983995442463145,千代田区神田和泉町
千代田区,神田小川町,0,1.5225516496869378,千代田区神田小川町
千代田区,神田佐久間町,0,2.6254844045836476,千代田区神田佐久間町
千代田区,神田猿楽町,0,1.6778864284697632,千代田区神田猿楽町
千代田区,神田神保町,0,1.277386808277264,千代田区神田神保町
千代田区,神田須田町,0,2.0851962882025843,千代田区神田須田町
千代田区,神田駿河台,0,1.7782320092178556,千代田区神田駿河台
千代田区,神田多町,0,1.7808502743418257,千代田区神田多町
千代田区,神田司町,0,1.6313856159006104,千代田区神田司町
千代田区,神田富山町,0,2.1164876352423123,千代田区神田富山町
千代田区,神田錦町,0,1.1827106813124066,千代田区神田錦町
千代田区,神田練塀町,0,2.5941279050913257,千代田区神田練塀町
千代田区,神田東紺屋町,0,2.169251311174167,千代田区神田東紺屋町
千代田区,神田東松下町,0,2.1441628616316293,千代田区神田東松下町
千代田区,神田三崎町,0,1.7299992547255405,千代田区神田三崎町
千代田区,九段北,0,1.2988397929249746,千代田区九段北
千代田区,九段南,0,1.0949185681006801,千代田区九段南
千代田区,麹町,0,1.3837985495886937,千代田区麹町
千代田区,三番町,0,1.0229558019896268,千代田区三番町
千代田区,外神田,0,2.468936304276941,千代田区外神田
千代田区,西神田,0,1.531313769859582,千代田区西神田
千代田区,東神田,0,2.8037779730907304,千代田区東神田
千代田区,平河町,0,0.2221953309832886,千代田区平河町
千代田区,富士見,0,1.5911239205602952,千代田区富士見
千代田区,四番町,0,1.4143072146177513,千代田区四番町
中央区,日本橋大伝馬町,0,2.5065305145786696,中央区日本橋大伝馬町
中央区,日本橋小伝馬町,0,2.457004519139792,中央区日本橋小伝馬町
中央区,日本橋小舟町,0,2.3225245192958237,中央区日本橋小舟町
中央区,日本橋富沢町,0,2.745480493738553,中央区日本橋富沢町
中央区,日本橋人形町,0,2.7286424062841386,中央区日本橋人形町
中央区,日本橋馬喰町,0,2.9470327179604108,中央区日本橋馬喰町
中央区,日本橋浜町,0,3.241519681103531,中央区日本橋浜町
中央区,日本橋久松町,0,2.894644758383018,中央区日本橋久松町
中央区,日本橋堀留町,0,2.5443733852956565,中央区日本橋堀留町
中央区,日本橋本町,0,2.1238328008439984,中央区日本橋本町
中央区,日本橋室町,0,1.8854706576027704,中央区日本橋室町
中央区,日本橋横山町,0,2.9307592023204623,中央区日本橋横山町
中央区,東日本橋,0,3.098544910856067,中央区東日本橋
新宿区,市谷田町,0,1.7340042244226173,新宿区市谷田町
新宿区,岩戸町,0,2.2811952114059837,新宿区岩戸町
新宿区,神楽坂,0,2.1575494507842725,新宿区神楽坂
新宿区,下宮比町,0,2.1734021337660265,新宿区下宮比町
新宿区,白銀町,0,2.4591399457420327,新宿区白銀町
新宿区,新小川町,0,2.5311731874978753,新宿区新小川町
新宿区,筑土八幡町,0,2.4092599632792915,新宿区筑土八幡町
新宿区,西五軒町,0,2.787070753156279,新宿区西五軒町
新宿区,東五軒町,0,2.6775683624374453,新宿区東五軒町
新宿区,袋町,0,2.168801230585169,新宿区袋町
千代田区,神田美土代町,0,1.4777517922840349,千代田区神田美土代町
新宿区,若宮町,0,2.0046143252430957,新宿区若宮町
文京区,春日,0,2.775355695814274,文京区春日
文京区,後楽,0,2.257926151260401,文京区後楽
文京区,水道,0,2.9641040738716056,文京区水道
文京区,本郷,0,2.648208340111382,文京区本郷
文京区,湯島,0,2.555497701318324,文京区湯島
台東区,浅草橋,0,3.2421541308957487,台東区浅草橋
台東区,上野,0,3.2695054169453153,台東区上野
台東区,小島,0,3.535451046509028,台東区小島
台東区,台東,0,3.154528655575464,台東区台東
台東区,鳥越,0,3.478038065267361,台東区鳥越
台東区,三筋,0,3.71429100957818,台東区三筋
台東区,元浅草,0,3.9556125762031185,台東区元浅草
台東区,柳橋,0,3.5339626504653516,台東区柳橋
千代田区,五番町,1,1.7684365633462187,千代田区五番町
千代田区,二番町,1,1.5051032648933007,千代田区二番町
千代田区,六番町,1,1.7671751860037395,千代田区六番町
新宿区,愛住町,1,3.081432468969314,新宿区愛住町
新宿区,赤城下町,1,2.8489902899268595,新宿区赤城下町
新宿区,荒木町,1,2.7415664248556775,新宿区荒木町
新宿区,市谷加賀町,1,2.4363223040021786,新宿区市谷加賀町
新宿区,市谷甲良町,1,2.699919309966093,新宿区市谷甲良町
新宿区,市谷左内町,1,2.0221329212491717,新宿区市谷左内町
新宿区,市谷台町,1,3.2495873764556564,新宿区市谷台町
新宿区,市谷仲之町,1,2.8916518185045046,新宿区市谷仲之町
新宿区,市谷本村町,1,2.2712335067374703,新宿区市谷本村町
新宿区,市谷薬王寺町,1,2.8076965693372182,新宿区市谷薬王寺町
新宿区,市谷柳町,1,2.8526061526182347,新宿区市谷柳町
新宿区,市谷山伏町,1,2.769838755033771,新宿区市谷山伏町
新宿区,榎町,1,3.1721448940319705,新宿区榎町
新宿区,大久保,1,4.731477627278092,新宿区大久保
新宿区,改代町,1,2.9615211253472626,新宿区改代町
新宿区,片町,1,2.676368692531942,新宿区片町
新宿区,歌舞伎町,1,4.695963718920189,新宿区歌舞伎町
新宿区,河田町,1,3.2666304083925244,新宿区河田町
新宿区,喜久井町,1,3.4586338598810604,新宿区喜久井町
新宿区,北町,1,2.2957959210463996,新宿区北町
新宿区,北山伏町,1,2.6356973897458493,新宿区北山伏町
新宿区,細工町,1,2.3572344281633035,新宿区細工町
新宿区,左門町,1,2.915931322971842,新宿区左門町
新宿区,新宿,1,4.745618947074574,新宿区新宿
新宿区,水道町,1,2.9570334088257453,新宿区水道町
新宿区,須賀町,1,2.7683474326594735,新宿区須賀町
新宿区,住吉町,1,2.970845559963493,新宿区住吉町
新宿区,箪笥町,1,2.354183208409743,新宿区箪笥町
新宿区,築地町,1,2.776342416357897,新宿区築地町
新宿区,天神町,1,3.0129430453850374,新宿区天神町
新宿区,戸塚町,1,3.896461357537425,新宿区戸塚町
新宿区,富久町,1,3.541048779279615,新宿区富久町
新宿区,戸山,1,4.080221849962752,新宿区戸山
新宿区,内藤町,1,3.7194546583822827,新宿区内藤町
新宿区,中里町,1,2.9851653949426655,新宿区中里町
新宿区,中町,1,2.186422017585775,新宿区中町
新宿区,納戸町,1,2.2499051490501047,新宿区納戸町
新宿区,西新宿,1,5.577387930181184,新宿区西新宿
新宿区,二十騎町,1,2.478232127488289,新宿区二十騎町
新宿区,西早稲田,1,4.388861366576095,新宿区西早稲田
新宿区,馬場下町,1,3.7926417716972463,新宿区馬場下町
新宿区,払方町,1,2.1057707831481105,新宿区払方町
新宿区,原町,1,2.3993033699342137,新宿区原町
新宿区,東榎町,1,3.053951038773738,新宿区東榎町
新宿区,百人町,1,5.351526839242665,新宿区百人町
新宿区,舟町,1,2.91161528512417,新宿区舟町
新宿区,弁天町,1,3.091705485788471,新宿区弁天町
新宿区,南榎町,1,2.8587696738914445,新宿区南榎町
新宿区,南町,1,2.102080244256737,新宿区南町
新宿区,南山伏町,1,2.488569217553473,新宿区南山伏町
新宿区,山吹町,1,3.274069266991298,新宿区山吹町
新宿区,矢来町,1,2.6704195390780483,新宿区矢来町
新宿区,横寺町,1,2.445281479394247,新宿区横寺町
新宿区,余丁町,1,3.5753988108920445,新宿区余丁町
新宿区,四谷,1,2.711843382651819,新宿区四谷
新宿区,四谷坂町,1,2.389403139543813,新宿区四谷坂町
新宿区,四谷三栄町,1,2.480315651058479,新宿区四谷三栄町
新宿区,若松町,1,3.609390637831665,新宿区若松町
新宿区,早稲田鶴巻町,1,3.605868991119573,新宿区早稲田鶴巻町
新宿区,早稲田町,1,3.599180938235162,新宿区早稲田町
新宿区,早稲田南町,1,3.417279145439169,新宿区早稲田南町
新宿区,四谷本塩町,1,2.120893289694909,新宿区四谷本塩町
中野区,東中野,1,6.6365303243953955,中野区東中野
千代田区,永田町,2,1.3397765493616116,千代田区永田町
千代田区,隼町,2,0.9408640411084565,千代田区隼町
中央区,明石町,2,3.025242635361076,中央区明石町
中央区,入船,2,2.641020905312731,中央区入船
中央区,京橋,2,1.9061940245219462,中央区京橋
中央区,銀座,2,2.0208559082774205,中央区銀座
中央区,新川,2,3.0010393305545016,中央区新川
中央区,新富,2,2.3984746014126728,中央区新富
中央区,築地,2,2.7179338572529854,中央区築地
中央区,月島,2,3.6413262941382785,中央区月島
中央区,佃,2,3.5711797342566065,中央区佃
中央区,日本橋,2,2.0153529370736476,中央区日本橋
中央区,日本橋蛎殻町,2,2.9409988404795238,中央区日本橋蛎殻町
中央区,日本橋兜町,2,2.304743805813575,中央区日本橋兜町
中央区,日本橋茅場町,2,2.490282493570619,中央区日本橋茅場町
中央区,日本橋小網町,2,2.55052449692701,中央区日本橋小網町
中央区,日本橋箱崎町,2,3.0691016282258317,中央区日本橋箱崎町
中央区,八丁堀,2,2.3529094678255658,中央区八丁堀
中央区,湊,2,2.916469036165462,中央区湊
港区,麻布台,2,2.9874901724540455,港区麻布台
港区,麻布永坂町,2,3.232849532782759,港区麻布永坂町
港区,麻布狸穴町,2,3.1313182392330368,港区麻布狸穴町
港区,新橋,2,2.261867482030681,港区新橋
港区,虎ノ門,2,2.231505270629913,港区虎ノ門
港区,西新橋,2,2.1098587992906297,港区西新橋
港区,東新橋,2,2.5689071689524043,港区東新橋
中央区,勝どき,3,3.6444117200021737,中央区勝どき
中央区,晴海,3,4.293629944822155,中央区晴海
港区,海岸,3,4.10954862647858,港区海岸
港区,芝,3,3.8991401903468157,港区芝
港区,芝浦,3,4.541095730958556,港区芝浦
港区,芝公園,3,3.064282535030423,港区芝公園
港区,芝大門,3,3.13843502485643,港区芝大門
港区,浜松町,3,3.1657977724733777,港区浜松町
港区,東麻布,3,3.325648447667405,港区東麻布
港区,三田,3,4.307621604752431,港区三田
中央区,日本橋中洲,4,3.48539060737244,中央区日本橋中洲
江東区,石島,4,5.395592920501943,江東区石島
江東区,海辺,4,6.007618007046101,江東区海辺
江東区,永代,4,3.6187994621343327,江東区永代
江東区,越中島,4,4.212166381763202,江東区越中島
江東区,扇橋,4,5.683146484606594,江東区扇橋
江東区,北砂,4,7.084820536483875,江東区北砂
江東区,木場,4,5.079602337424391,江東区木場
江東区,清澄,4,3.9031470328707334,江東区清澄
江東区,佐賀,4,3.5400014632632026,江東区佐賀
江東区,塩浜,4,5.446803615522838,江東区塩浜
江東区,白河,4,4.638795526199719,江東区白河
江東区,新砂,4,7.357121927779209,江東区新砂
江東区,千石,4,5.753088479944592,江東区千石
江東区,千田,4,5.712049911828326,江東区千田
江東区,東陽,4,5.812794832245466,江東区東陽
江東区,富岡,4,4.53118553624726,江東区富岡
江東区,東砂,4,8.136114951315443,江東区東砂
江東区,平野,4,4.7240868210059626,江東区平野
江東区,深川,4,4.112944249486576,江東区深川
江東区,福住,4,3.8158791429720744,江東区福住
江東区,冬木,4,4.55609491712831,江東区冬木
江東区,古石場,4,4.584272136432833,江東区古石場
江東区,牡丹,4,4.308767835683311,江東区牡丹
江東区,南砂,4,7.088191208691525,江東区南砂
江東区,三好,4,4.680748159364506,江東区三好
江東区,門前仲町,4,4.0628848773040085,江東区門前仲町
港区,赤坂,5,2.239309696898665,港区赤坂
港区,北青山,5,3.5884826194527855,港区北青山
港区,西麻布,5,3.8921877371518727,港区西麻布
港区,南青山,5,3.9045367726437683,港区南青山
港区,元赤坂,5,2.206677387143865,港区元赤坂
港区,六本木,5,2.8854172430172476,港区六本木
新宿区,信濃町,5,2.995761652918708,新宿区信濃町
新宿区,大京町,5,3.2306170374555063,新宿区大京町
新宿区,南元町,5,2.642651272620347,新宿区南元町
新宿区,若葉,5,2.491697345986898,新宿区若葉
渋谷区,宇田川町,5,5.617873860351877,渋谷区宇田川町
渋谷区,神山町,5,6.026350553324218,渋谷区神山町
渋谷区,渋谷,5,5.059130349877619,渋谷区渋谷
渋谷区,松濤,5,6.186119448590861,渋谷区松濤
渋谷区,神宮前,5,4.438793851422024,渋谷区神宮前
渋谷区,神南,5,5.385415262001499,渋谷区神南
渋谷区,千駄ケ谷,5,4.156392392805109,渋谷区千駄ケ谷
渋谷区,道玄坂,5,5.749324270837451,渋谷区道玄坂
渋谷区,富ケ谷,5,6.2373389615794155,渋谷区富ケ谷
渋谷区,初台,5,6.093845269041524,渋谷区初台
渋谷区,代々木,5,5.3777198610122285,渋谷区代々木
港区,麻布十番,6,3.6966851809548555,港区麻布十番
港区,白金,6,5.08348088346791,港区白金
港区,白金台,6,5.828481977895129,港区白金台
港区,高輪,6,5.876191692927546,港区高輪
港区,南麻布,6,4.3802972907488185,港区南麻布
港区,元麻布,6,3.9056943434508353,港区元麻布
品川区,上大崎,6,6.543664680070777,品川区上大崎
目黒区,青葉台,6,6.543514439266925,目黒区青葉台
目黒区,大橋,6,6.958309684598073,目黒区大橋
目黒区,五本木,6,8.1933999370497,目黒区五本木
目黒区,中町,6,7.811858656890594,目黒区中町
目黒区,東山,6,7.136577549331131,目黒区東山
目黒区,三田,6,6.226037157676898,目黒区三田
目黒区,目黒,6,7.068997631310692,目黒区目黒
目黒区,祐天寺,6,7.49441691252089,目黒区祐天寺
渋谷区,鶯谷町,6,5.847474763979198,渋谷区鶯谷町
渋谷区,恵比寿,6,5.4808823854437305,渋谷区恵比寿
渋谷区,恵比寿西,6,5.820046510030332,渋谷区恵比寿西
渋谷区,恵比寿南,6,6.04572164906191,渋谷区恵比寿南
渋谷区,桜丘町,6,5.736184776985805,渋谷区桜丘町
渋谷区,猿楽町,6,6.091916424388099,渋谷区猿楽町
渋谷区,神泉町,6,6.331580639873501,渋谷区神泉町
渋谷区,代官山町,6,5.81510248012801,渋谷区代官山町
渋谷区,南平台町,6,6.200238674018865,渋谷区南平台町
渋谷区,鉢山町,6,6.192738102429446,渋谷区鉢山町
渋谷区,東,6,5.196917006967889,渋谷区東
渋谷区,広尾,6,4.913281671820819,渋谷区広尾
渋谷区,円山町,6,6.058126107128493,渋谷区円山町
港区,港南,7,6.014917182407446,港区港南
港区,台場,7,6.602216797242194,港区台場
品川区,北品川,7,7.239270706903721,品川区北品川
品川区,東品川,7,7.500390497742854,品川区東品川
品川区,南品川,7,8.200851925149252,品川区南品川
新宿区,上落合,8,6.625528726590974,新宿区上落合
新宿区,下落合,8,6.040146562614482,新宿区下落合
新宿区,高田馬場,8,5.432901136245436,新宿区高田馬場
新宿区,中落合,8,6.912314494001623,新宿区中落合
文京区,大塚,8,4.486302101278816,文京区大塚
文京区,音羽,8,4.068495270300552,文京区音羽
文京区,小日向,8,3.544866390003438,文京区小日向
文京区,関口,8,3.741800640816004,文京区関口
文京区,目白台,8,4.388030903634693,文京区目白台
豊島区,池袋,8,6.888887364239536,豊島区池袋
豊島区,要町,8,7.845500525837176,豊島区要町
豊島区,北大塚,8,5.820611953689106,豊島区北大塚
豊島区,巣鴨,8,5.83570985072487,豊島区巣鴨
豊島区,雑司が谷,8,5.052491536928074,豊島区雑司が谷
豊島区,高田,8,4.951266810844551,豊島区高田
豊島区,千早,8,7.930892025224653,豊島区千早
豊島区,長崎,8,7.799018868015121,豊島区長崎
豊島区,西池袋,8,6.5698283469546155,豊島区西池袋
豊島区,東池袋,8,5.721030786951251,豊島区東池袋
豊島区,南池袋,8,5.598332741806984,豊島区南池袋
豊島区,南大塚,8,5.202463380789479,豊島区南大塚
豊島区,南長崎,8,7.565641543789352,豊島区南長崎
豊島区,目白,8,6.038166396587881,豊島区目白
新宿区,中井,9,7.081613378915432,新宿区中井
新宿区,西落合,9,7.920365245208515,新宿区西落合
中野区,新井,9,8.529348850803471,中野区新井
中野区,江古田,9,9.031261941791387,中野区江古田
中野区,江原町,9,8.791611118735087,中野区江原町
中野区,上高田,9,7.661645379344979,中野区上高田
中野区,鷺宮,9,11.602845141192175,中野区鷺宮
中野区,白鷺,9,11.35812776892055,中野区白鷺
中野区,沼袋,9,8.995985057628891,中野区沼袋
中野区,野方,9,9.551660661890535,中野区野方
中野区,松が丘,9,8.350181858085875,中野区松が丘
中野区,丸山,9,9.964335465066767,中野区丸山
中野区,大和町,9,9.924659463582667,中野区大和町
中野区,若宮,9,10.404180766737653,中野区若宮
練馬区,旭丘,9,8.850546176174237,練馬区旭丘
練馬区,豊玉上,9,9.769389916215143,練馬区豊玉上
練馬区,豊玉北,9,9.998362080538602,練馬区豊玉北
練馬区,豊玉中,9,10.081603692844276,練馬区豊玉中
練馬区,豊玉南,9,9.955447719313192,練馬区豊玉南
練馬区,中村,9,11.198190932036349,練馬区中村
練馬区,中村北,9,11.506078909463083,練馬区中村北
練馬区,中村南,9,11.002510997803546,練馬区中村南
文京区,小石川,10,3.214790560075156,文京区小石川
文京区,千石,10,4.686154638773273,文京区千石
文京区,千駄木,10,4.631827098821631,文京区千駄木
文京区,西片,10,3.289933318885677,文京区西片
文京区,根津,10,3.8700391338780222,文京区根津
文京区,白山,10,3.9277392959916932,文京区白山
文京区,本駒込,10,4.96559342801385,文京区本駒込
文京区,向丘,10,3.9451317281099194,文京区向丘
文京区,弥生,10,3.6494081839491455,文京区弥生
台東区,池之端,10,3.5727287155246645,台東区池之端
台東区,入谷,10,5.013643158004049,台東区入谷
台東区,上野公園,10,3.84835433547522,台東区上野公園
台東区,上野桜木,10,4.547519977868714,台東区上野桜木
台東区,北上野,10,4.56493645780784,台東区北上野
台東区,下谷,10,5.011760916605316,台東区下谷
台東区,根岸,10,5.089420404840516,台東区根岸
台東区,東上野,10,3.8810439659735483,台東区東上野
台東区,松が谷,10,4.533263516882421,台東区松が谷
台東区,谷中,10,4.469936713455606,台東区谷中
北区,田端,10,5.745055780260847,北区田端
荒川区,西日暮里,10,5.497333953943249,荒川区西日暮里
荒川区,東日暮里,10,5.534768622818336,荒川区東日暮里
台東区,浅草,11,5.387727058177387,台東区浅草
台東区,今戸,11,6.1048614882149606,台東区今戸
台東区,清川,11,6.42608691757125,台東区清川
台東区,千束,11,5.397264763137679,台東区千束
台東区,西浅草,11,4.623511708372896,台東区西浅草
台東区,日本堤,11,6.169023939910133,台東区日本堤
台東区,橋場,11,6.6683039151617765,台東区橋場
台東区,花川戸,11,5.300838216265845,台東区花川戸
台東区,東浅草,11,5.995199178825061,台東区東浅草
台東区,三ノ輪,11,6.062843399511799,台東区三ノ輪
台東区,竜泉,11,5.615754816591914,台東区竜泉
墨田区,押上,11,6.462965576110826,墨田区押上
墨田区,京島,11,7.0334630283176605,墨田区京島
墨田区,墨田,11,8.017363541597266,墨田区墨田
墨田区,堤通,11,7.340213332262922,墨田区堤通
墨田区,東墨田,11,8.265863638770288,墨田区東墨田
墨田区,向島,11,6.717028448431885,墨田区向島
墨田区,八広,11,7.853311033069557,墨田区八広
荒川区,南千住,11,6.8853105034211115,荒川区南千住
葛飾区,四つ木,11,9.38958964356232,葛飾区四つ木
台東区,雷門,12,4.710137839518135,台東区雷門
台東区,蔵前,12,3.975953987568821,台東区蔵前
台東区,寿,12,4.303710241920673,台東区寿
台東区,駒形,12,4.516868364652488,台東区駒形
墨田区,吾妻橋,12,5.311602633336818,墨田区吾妻橋
墨田区,石原,12,4.828349378235997,墨田区石原
墨田区,亀沢,12,4.736701308892104,墨田区亀沢
墨田区,菊川,12,4.737213572609351,墨田区菊川
墨田区,錦糸,12,5.700521898939928,墨田区錦糸
墨田区,江東橋,12,5.527001397306015,墨田区江東橋
墨田区,太平,12,5.769476239963285,墨田区太平
墨田区,立花,12,7.648967333068495,墨田区立花
墨田区,立川,12,4.626291786852685,墨田区立川
墨田区,千歳,12,3.813946902121691,墨田区千歳
墨田区,業平,12,6.03333698453651,墨田区業平
墨田区,東駒形,12,5.066355026747078,墨田区東駒形
墨田区,文花,12,7.074467925729836,墨田区文花
墨田区,本所,12,4.924152587459236,墨田区本所
墨田区,緑,12,4.66719874865285,墨田区緑
墨田区,横網,12,4.090981071333139,墨田区横網
墨田区,横川,12,5.917018376915536,墨田区横川
墨田区,両国,12,3.7808963239062146,墨田区両国
江東区,大島,12,7.3425204102435595,江東区大島
江東区,亀戸,12,7.156016992093424,江東区亀戸
江東区,猿江,12,5.589849496380497,江東区猿江
江東区,新大橋,12,3.788098916011106,江東区新大橋
江東区,住吉,12,5.63543243143168,江東区住吉
江東区,高橋,12,4.240507719811071,江東区高橋
江東区,常盤,12,3.9060767236472227,江東区常盤
江東区,毛利,12,5.7318035425161,江東区毛利
江東区,森下,12,4.49086693051159,江東区森下
江東区,有明,13,6.900149690388629,江東区有明
江東区,枝川,13,5.7811362105439,江東区枝川
江東区,潮見,13,6.4144700457531165,江東区潮見
江東区,東雲,13,6.3504033411912575,江東区東雲
江東区,辰巳,13,6.942230694735017,江東区辰巳
江東区,豊洲,13,5.054059972246178,江東区豊洲
品川区,荏原,14,8.76527210793962,品川区荏原
品川区,大崎,14,7.622227695873559,品川区大崎
品川区,小山,14,8.722558099577048,品川区小山
品川区,小山台,14,8.091733561872891,品川区小山台
品川区,戸越,14,8.6820388986427,品川区戸越
品川区,中延,14,9.476366598049719,品川区中延
品川区,西五反田,14,7.467085016071191,品川区西五反田
品川区,西品川,14,8.24127987877175,品川区西品川
品川区,西中延,14,9.255439007829603,品川区西中延
品川区,旗の台,14,9.89014432687945,品川区旗の台
品川区,東五反田,14,6.750559647385526,品川区東五反田
品川区,東中延,14,9.124344463280442,品川区東中延
品川区,平塚,14,8.499669831079292,品川区平塚
品川区,豊町,14,9.014750578984337,品川区豊町
目黒区,洗足,14,9.626580409641875,目黒区洗足
目黒区,鷹番,14,8.744656313816996,目黒区鷹番
目黒区,中央町,14,8.260251593276646,目黒区中央町
目黒区,原町,14,9.337122949717926,目黒区原町
目黒区,碑文谷,14,9.305956643227947,目黒区碑文谷
目黒区,南,14,9.85465683411918,目黒区南
目黒区,目黒本町,14,8.584448445849661,目黒区目黒本町
大田区,北千束,14,10.304287762890587,大田区北千束
品川区,大井,15,9.605750438651286,品川区大井
品川区,西大井,15,10.030688145214986,品川区西大井
品川区,二葉,15,9.378365152030991,品川区二葉
品川区,南大井,15,10.29529089175621,品川区南大井
大田区,大森北,15,11.483506160742174,大田区大森北
大田区,上池台,15,10.955538892802112,大田区上池台
大田区,北馬込,15,10.378644492688302,大田区北馬込
大田区,久が原,15,12.821973729613601,大田区久が原
大田区,山王,15,11.066236584500734,大田区山王
大田区,仲池上,15,12.093400800812358,大田区仲池上
大田区,中馬込,15,10.850483055814298,大田区中馬込
大田区,西馬込,15,11.5540009436758,大田区西馬込
大田区,東馬込,15,10.513567247670073,大田区東馬込
大田区,東嶺町,15,12.946123733958782,大田区東嶺町
大田区,東雪谷,15,11.54345025886728,大田区東雪谷
大田区,南千束,15,10.758898526580507,大田区南千束
大田区,南馬込,15,11.41884456989697,大田区南馬込
大田区,南雪谷,15,12.123787961936305,大田区南雪谷
品川区,勝島,16,10.090033054327652,品川区勝島
品川区,東大井,16,9.13057374832988,品川区東大井
品川区,八潮,16,8.905320187086476,品川区八潮
大田区,大森本町,16,11.517472333373235,大田区大森本町
目黒区,大岡山,17,10.591626144951189,目黒区大岡山
目黒区,柿の木坂,17,9.69618746446108,目黒区柿の木坂
目黒区,自由が丘,17,11.349711106213793,目黒区自由が丘
目黒区,平町,17,10.05920120769658,目黒区平町
目黒区,中根,17,10.491171036134622,目黒区中根
目黒区,東が丘,17,10.001815387544067,目黒区東が丘
目黒区,緑が丘,17,10.969968618821976,目黒区緑が丘
目黒区,八雲,17,10.402495293621959,目黒区八雲
世田谷区,駒沢,17,10.633259111863548,世田谷区駒沢
世田谷区,新町,17,11.395996729412305,世田谷区新町
世田谷区,玉川台,17,12.883876247381847,世田谷区玉川台
世田谷区,等々力,17,12.31346561098816,世田谷区等々力
世田谷区,中町,17,12.603810602598905,世田谷区中町
世田谷区,野毛,17,13.35703950923406,世田谷区野毛
世田谷区,深沢,17,11.427798243684355,世田谷区深沢
世田谷区,用賀,17,12.391567180359452,世田谷区用賀
目黒区,駒場,18,6.947861965344883,目黒区駒場
世田谷区,赤堤,18,10.520175350144182,世田谷区赤堤
世田谷区,大原,18,8.451359641019627,世田谷区大原
世田谷区,北沢,18,9.910487701693604,世田谷区北沢
世田谷区,代田,18,8.832656826029,世田谷区代田
世田谷区,羽根木,18,8.896858388370987,世田谷区羽根木
世田谷区,松原,18,9.669797736089462,世田谷区松原
渋谷区,上原,18,6.818017086144528,渋谷区上原
渋谷区,大山町,18,7.183606253757592,渋谷区大山町
渋谷区,笹塚,18,7.777427091409355,渋谷区笹塚
渋谷区,西原,18,6.744015677270563,渋谷区西原
渋谷区,幡ケ谷,18,7.191040189574815,渋谷区幡ケ谷
中野区,南台,18,7.686541668546956,中野区南台
杉並区,和泉,18,9.164398077293317,杉並区和泉
杉並区,永福,18,10.14670670384697,杉並区永福
杉並区,方南,18,8.43173362641227,杉並区方南
大田区,池上,19,13.139323179086775,大田区池上
大田区,大森中,19,13.144635945059788,大田区大森中
大田区,大森西,19,12.677913820504838,大田区大森西
大田区,蒲田,19,13.77685722152645,大田区蒲田
大田区,蒲田本町,19,14.538182035863986,大田区蒲田本町
大田区,北糀谷,19,13.67391130991002,大田区北糀谷
大田区,新蒲田,19,14.652401366105462,大田区新蒲田
大田区,多摩川,19,14.676123227882938,大田区多摩川
大田区,千鳥,19,13.752594427057284,大田区千鳥
大田区,中央,19,12.327721037102608,大田区中央
大田区,西蒲田,19,13.637274084087519,大田区西蒲田
大田区,西糀谷,19,14.339930327605533,大田区西糀谷
大田区,東蒲田,19,13.676759326308781,大田区東蒲田
大田区,南蒲田,19,14.530008926206706,大田区南蒲田
大田区,南久が原,19,13.442631307018129,大田区南久が原
大田区,矢口,19,14.343207110430326,大田区矢口
大田区,石川町,20,11.353941399156687,大田区石川町
大田区,北嶺町,20,12.696324212607527,大田区北嶺町
大田区,田園調布,20,12.879759742494189,大田区田園調布
大田区,田園調布本町,20,13.159012122114843,大田区田園調布本町
大田区,田園調布南,20,13.65587276191502,大田区田園調布南
大田区,西嶺町,20,13.276414916107843,大田区西嶺町
大田区,雪谷大塚町,20,12.308660097552202,大田区雪谷大塚町
世田谷区,奥沢,20,11.796603614232826,世田谷区奥沢
世田谷区,尾山台,20,12.813636981628498,世田谷区尾山台
世田谷区,玉川田園調布,20,12.295057926114538,世田谷区玉川田園調布
世田谷区,玉堤,20,13.575920287897143,世田谷区玉堤
世田谷区,東玉川,20,12.050726389395567,世田谷区東玉川
大田区,鵜の木,21,13.844809096006767,大田区鵜の木
大田区,下丸子,21,14.48850620471262,大田区下丸子
大田区,大森東,22,12.644250125236562,大田区大森東
大田区,大森南,22,13.401881985784666,大田区大森南
大田区,東糀谷,22,14.270497021193673,大田区東糀谷
大田区,仲六郷,23,15.634301945754727,大田区仲六郷
大田区,西六郷,23,15.809783459203736,大田区西六郷
大田区,萩中,23,14.971423932548477,大田区萩中
大田区,東六郷,23,15.590695057379598,大田区東六郷
大田区,本羽田,23,15.578467796619478,大田区本羽田
大田区,南六郷,23,15.839418973075512,大田区南六郷
大田区,羽田,24,15.056726728234715,大田区羽田
世田谷区,池尻,25,7.643982171146016,世田谷区池尻
世田谷区,梅丘,25,9.68498178340676,世田谷区梅丘
世田谷区,上馬,25,9.71927088928092,世田谷区上馬
世田谷区,豪徳寺,25,10.220403496419141,世田谷区豪徳寺
世田谷区,桜,25,11.313122239599187,世田谷区桜
世田谷区,三軒茶屋,25,9.038293989593148,世田谷区三軒茶屋
世田谷区,下馬,25,8.595767826615425,世田谷区下馬
世田谷区,世田谷,25,10.492963948857492,世田谷区世田谷
世田谷区,代沢,25,8.05442413390772,世田谷区代沢
世田谷区,太子堂,25,8.564362701913192,世田谷区太子堂
世田谷区,弦巻,25,11.035017517467484,世田谷区弦巻
世田谷区,野沢,25,9.427481991585294,世田谷区野沢
世田谷区,三宿,25,8.01383968734637,世田谷区三宿
世田谷区,宮坂,25,10.819090470285492,世田谷区宮坂
世田谷区,若林,25,9.443498638921245,世田谷区若林
世田谷区,宇奈根,26,15.262942631582039,世田谷区宇奈根
世田谷区,大蔵,26,14.116405136584497,世田谷区大蔵
世田谷区,岡本,26,13.933425115484495,世田谷区岡本
世田谷区,鎌田,26,14.577085442540428,世田谷区鎌田
世田谷区,喜多見,26,15.482733174877504,世田谷区喜多見
世田谷区,瀬田,26,13.2485936472259,世田谷区瀬田
世田谷区,玉川,26,13.874323783258196,世田谷区玉川
狛江市,猪方,26,16.97496110695702,狛江市猪方
狛江市,岩戸南,26,16.133132380900708,狛江市岩戸南
狛江市,駒井町,26,16.489876015445923,狛江市駒井町
世田谷区,粕谷,27,13.328131131291622,世田谷区粕谷
世田谷区,北烏山,27,14.1753856476764,世田谷区北烏山
世田谷区,給田,27,14.755397487175628,世田谷区給田
世田谷区,桜上水,27,11.302568626292544,世田谷区桜上水
世田谷区,八幡山,27,12.428067743972468,世田谷区八幡山
世田谷区,南烏山,27,13.530996813125087,世田谷区南烏山
杉並区,上高井戸,27,12.7164407265791,杉並区上高井戸
杉並区,下高井戸,27,11.075308957106271,杉並区下高井戸
杉並区,高井戸東,27,12.05495502138065,杉並区高井戸東
杉並区,浜田山,27,11.1770608440904,杉並区浜田山
三鷹市,北野,27,15.475026522670259,三鷹市北野
調布市,仙川町,27,15.469663396143421,調布市仙川町
調布市,緑ケ丘,27,15.472247686813477,調布市緑ケ丘
世田谷区,砧,28,13.706106986298412,世田谷区砧
世田谷区,経堂,28,11.640274074042699,世田谷区経堂
世田谷区,桜丘,28,12.403526432509853,世田谷区桜丘
世田谷区,成城,28,14.862441168414898,世田谷区成城
世田谷区,祖師谷,28,14.095382757284174,世田谷区祖師谷
世田谷区,千歳台,28,13.195270294219876,世田谷区千歳台
世田谷区,船橋,28,12.355097515673402,世田谷区船橋
調布市,入間町,28,15.431312438365767,調布市入間町
調布市,若葉町,28,15.51091097356589,調布市若葉町
狛江市,岩戸北,28,16.223464088411234,狛江市岩戸北
狛江市,東野川,28,16.112814299181558,狛江市東野川
渋谷区,本町,29,6.551706942999196,渋谷区本町
中野区,中央,29,7.2675716624315,中野区中央
中野区,中野,29,7.914802398330877,中野区中野
中野区,本町,29,7.1819563707284795,中野区本町
中野区,弥生町,29,7.4153397996131245,中野区弥生町
杉並区,阿佐谷北,29,10.883999037680125,杉並区阿佐谷北
杉並区,阿佐谷南,29,10.549071683094116,杉並区阿佐谷南
杉並区,梅里,29,9.6024878347306,杉並区梅里
杉並区,大宮,29,9.966067785631566,杉並区大宮
杉並区,高円寺北,29,9.618979028767814,杉並区高円寺北
杉並区,高円寺南,29,9.205490412898184,杉並区高円寺南
杉並区,成田東,29,10.63352537476939,杉並区成田東
杉並区,堀ノ内,29,9.25909232899084,杉並区堀ノ内
杉並区,松ノ木,29,9.915897206355957,杉並区松ノ木
杉並区,和田,29,8.493274347148132,杉並区和田
杉並区,天沼,30,11.890805211207189,杉並区天沼
杉並区,荻窪,30,11.940663462718108,杉並区荻窪
杉並区,上荻,30,13.075613371439298,杉並区上荻
杉並区,久我山,30,13.915193367798164,杉並区久我山
杉並区,松庵,30,14.36790876785478,杉並区松庵
杉並区,高井戸西,30,12.773583669661091,杉並区高井戸西
杉並区,成田西,30,11.17680103546359,杉並区成田西
杉並区,西荻北,30,13.952384159563533,杉並区西荻北
杉並区,西荻南,30,13.690476595816634,杉並区西荻南
杉並区,南荻窪,30,12.791146199361448,杉並区南荻窪
杉並区,宮前,30,13.163474911844089,杉並区宮前
武蔵野市,吉祥寺東町,30,15.125930166962409,武蔵野市吉祥寺東町
武蔵野市,吉祥寺南町,30,15.107811569444905,武蔵野市吉祥寺南町
三鷹市,井の頭,30,15.481162231012265,三鷹市井の頭
三鷹市,牟礼,30,15.669760948999652,三鷹市牟礼
杉並区,井草,31,13.285570832608302,杉並区井草
杉並区,今川,31,13.697613516333256,杉並区今川
杉並区,上井草,31,13.982808253298307,杉並区上井草
杉並区,清水,31,12.661202083464278,杉並区清水
杉並区,下井草,31,12.300390313844547,杉並区下井草
杉並区,善福寺,31,14.956497909527961,杉並区善福寺
杉並区,本天沼,31,11.837426245382858,杉並区本天沼
杉並区,桃井,31,13.465524372299209,杉並区桃井
練馬区,上石神井,31,15.316149431960472,練馬区上石神井
練馬区,上石神井南町,31,14.891517542518162,練馬区上石神井南町
練馬区,下石神井,31,14.291497121874505,練馬区下石神井
練馬区,石神井台,31,16.04286658804978,練馬区石神井台
練馬区,関町東,31,16.145273680245996,練馬区関町東
練馬区,関町南,31,15.87748744881148,練馬区関町南
練馬区,立野町,31,15.924135980837653,練馬区立野町
練馬区,南田中,31,13.591646250618272,練馬区南田中
豊島区,池袋本町,32,7.254834507806438,豊島区池袋本町
豊島区,上池袋,32,6.593995828827065,豊島区上池袋
豊島区,千川,32,8.17243550306249,豊島区千川
豊島区,高松,32,7.682103008485785,豊島区高松
豊島区,西巣鴨,32,6.540757618926284,豊島区西巣鴨
北区,王子本町,32,7.9061623931711384,北区王子本町
北区,上十条,32,9.044247491109932,北区上十条
北区,岸町,32,8.299001214336487,北区岸町
北区,十条台,32,8.278851216813335,北区十条台
北区,滝野川,32,7.295074151955862,北区滝野川
板橋区,板橋,32,7.89535915779637,板橋区板橋
板橋区,稲荷台,32,9.190197320538223,板橋区稲荷台
板橋区,大谷口,32,8.709143045063605,板橋区大谷口
板橋区,大谷口上町,32,8.97447765043319,板橋区大谷口上町
板橋区,大谷口北町,32,9.296681394156252,板橋区大谷口北町
板橋区,大山金井町,32,8.033209056043313,板橋区大山金井町
板橋区,大山町,32,8.52179668017942,板橋区大山町
板橋区,大山西町,32,8.55580240723264,板橋区大山西町
板橋区,大山東町,32,8.298685812634822,板橋区大山東町
板橋区,加賀,32,8.568224457114356,板橋区加賀
板橋区,熊野町,32,7.635485990460941,板橋区熊野町
板橋区,幸町,32,8.29499526082078,板橋区幸町
板橋区,栄町,32,8.820435384612548,板橋区栄町
板橋区,常盤台,32,10.428937204315057,板橋区常盤台
板橋区,中板橋,32,9.286943759425228,板橋区中板橋
板橋区,仲宿,32,8.708834314032064,板橋区仲宿
板橋区,仲町,32,9.036804501995013,板橋区仲町
板橋区,中丸町,32,7.646905034031359,板橋区中丸町
板橋区,東山町,32,9.712243514463918,板橋区東山町
板橋区,氷川町,32,8.714030007909574,板橋区氷川町
板橋区,富士見町,32,9.720716765434666,板橋区富士見町
板橋区,双葉町,32,9.437350267831546,板橋区双葉町
板橋区,本町,32,9.205517536770644,板橋区本町
板橋区,南町,32,7.6146884578432505,板橋区南町
板橋区,南常盤台,32,9.964176733032183,板橋区南常盤台
板橋区,大和町,32,9.259367784725788,板橋区大和町
板橋区,弥生町,32,9.331265044605207,板橋区弥生町
豊島区,駒込,33,5.915533304533094,豊島区駒込
北区,王子,33,8.43589203151095,北区王子
北区,栄町,33,7.230312103175604,北区栄町
北区,昭和町,33,6.96305069591901,北区昭和町
北区,田端新町,33,6.212958545508747,北区田端新町
北区,豊島,33,8.616844480145906,北区豊島
北区,中里,33,6.437088237348928,北区中里
北区,西ケ原,33,6.656859308666817,北区西ケ原
北区,東田端,33,6.097089803530114,北区東田端
北区,堀船,33,7.6763545838668845,北区堀船
荒川区,荒川,33,6.478000794439301,荒川区荒川
荒川区,西尾久,33,7.164582446372262,荒川区西尾久
荒川区,東尾久,33,6.971948126448989,荒川区東尾久
荒川区,町屋,33,7.508443629791958,荒川区町屋
足立区,小台,33,8.054701028690587,足立区小台
足立区,千住桜木,33,8.266212317336317,足立区千住桜木
足立区,宮城,33,8.34308578141148,足立区宮城
北区,赤羽,34,11.172596849216065,北区赤羽
北区,赤羽北,34,11.75753123464201,北区赤羽北
北区,赤羽台,34,11.07238062407498,北区赤羽台
北区,赤羽西,34,10.364067458667204,北区赤羽西
北区,赤羽南,34,10.312054773843162,北区赤羽南
北区,岩淵町,34,11.446304774867244,北区岩淵町
北区,浮間,34,12.517628037379072,北区浮間
北区,神谷,34,9.717952661143523,北区神谷
北区,桐ケ丘,34,11.163608423985307,北区桐ケ丘
北区,志茂,34,10.757220669805541,北区志茂
北区,十条仲原,34,9.418702961154295,北区十条仲原
北区,中十条,34,9.07361408494943,北区中十条
北区,西が丘,34,9.895151796292593,北区西が丘
北区,東十条,34,9.2410447661774,北区東十条
板橋区,小豆沢,34,11.368290223394283,板橋区小豆沢
板橋区,泉町,34,10.215731705249503,板橋区泉町
板橋区,大原町,34,10.51254572751304,板橋区大原町
板橋区,清水町,34,9.772848948785647,板橋区清水町
板橋区,志村,34,11.543927889632535,板橋区志村
板橋区,蓮沼町,34,10.497697645054652,板橋区蓮沼町
板橋区,東坂下,34,12.384931907291119,板橋区東坂下
板橋区,前野町,34,10.846747348117502,板橋区前野町
板橋区,宮本町,34,9.944816413314308,板橋区宮本町
板橋区,相生町,35,12.19210712063478,板橋区相生町
板橋区,赤塚,35,14.27693766159724,板橋区赤塚
板橋区,赤塚新町,35,13.900896330459377,板橋区赤塚新町
板橋区,上板橋,35,11.218023556598261,板橋区上板橋
板橋区,坂下,35,12.634139349816026,板橋区坂下
板橋区,大門,35,14.416930377029216,板橋区大門
板橋区,高島平,35,14.32676634049104,板橋区高島平
板橋区,徳丸,35,13.147905983446474,板橋区徳丸
板橋区,中台,35,11.536462806219783,板橋区中台
板橋区,成増,35,15.186923241779796,板橋区成増
板橋区,西台,35,12.477834409284002,板橋区西台
板橋区,蓮根,35,12.904713457068487,板橋区蓮根
板橋区,四葉,35,13.882160647083023,板橋区四葉
板橋区,若木,35,11.914790816448484,板橋区若木
練馬区,北町,35,12.394004237885193,練馬区北町
板橋区,小茂根,36,9.767927339076303,板橋区小茂根
板橋区,桜川,36,10.686007451378254,板橋区桜川
板橋区,東新町,36,10.251031904165878,板橋区東新町
板橋区,向原,36,8.922142531878738,板橋区向原
練馬区,春日町,36,12.48729590656541,練馬区春日町
練馬区,向山,36,11.819619454507057,練馬区向山
練馬区,小竹町,36,9.319139827134217,練馬区小竹町
練馬区,栄町,36,9.581757740947038,練馬区栄町
練馬区,桜台,36,10.454687159409467,練馬区桜台
練馬区,田柄,36,13.26514663020921,練馬区田柄
練馬区,錦,36,11.401499522496586,練馬区錦
練馬区,貫井,36,12.479438740446925,練馬区貫井
練馬区,練馬,36,11.093314793880031,練馬区練馬
練馬区,羽沢,36,9.964623235223677,練馬区羽沢
練馬区,早宮,36,11.575872936566219,練馬区早宮
練馬区,氷川台,36,10.801122945365268,練馬区氷川台
練馬区,平和台,36,11.622734761166829,練馬区平和台
板橋区,新河岸,37,14.903792000402497,板橋区新河岸
板橋区,三園,37,15.584858758427208,板橋区三園
板橋区,舟渡,38,13.609644347670201,板橋区舟渡
練馬区,旭町,39,14.907334007220399,練馬区旭町
練馬区,大泉学園町,39,17.44645003481666,練馬区大泉学園町
練馬区,土支田,39,15.257366086407433,練馬区土支田
練馬区,大泉町,40,16.324001049177273,練馬区大泉町
練馬区,石神井町,40,14.939114539046377,練馬区石神井町
練馬区,高野台,40,14.068978161278798,練馬区高野台
練馬区,高松,40,13.62111666372376,練馬区高松
練馬区,東大泉,40,16.541470458823447,練馬区東大泉
練馬区,光が丘,40,14.026755249993778,練馬区光が丘
練馬区,富士見台,40,13.09565552021885,練馬区富士見台
練馬区,三原台,40,15.528414199748585,練馬区三原台
練馬区,谷原,40,14.54757143760978,練馬区谷原
練馬区,関町北,41,16.875625341332064,練馬区関町北
武蔵野市,吉祥寺北町,41,16.536028824792865,武蔵野市吉祥寺北町
武蔵野市,桜堤,41,20.265044456064206,武蔵野市桜堤
武蔵野市,関前,41,18.760368834898546,武蔵野市関前
武蔵野市,緑町,41,17.551810805576455,武蔵野市緑町
武蔵野市,八幡町,41,18.209387406029208,武蔵野市八幡町
西東京市,北原町,41,19.671302600834093,西東京市北原町
西東京市,新町,41,19.63627371606775,西東京市新町
西東京市,田無町,41,19.97458774520752,西東京市田無町
西東京市,西原町,41,20.645043747885488,西東京市西原町
西東京市,東伏見,41,17.928692595111034,西東京市東伏見
西東京市,富士町,41,17.95040683093632,西東京市富士町
西東京市,保谷町,41,18.88332280178471,西東京市保谷町
西東京市,南町,41,19.64450745810338,西東京市南町
西東京市,向台町,41,20.009834619620417,西東京市向台町
西東京市,柳沢,41,18.620826104631405,西東京市柳沢
練馬区,西大泉,42,18.223438494216893,練馬区西大泉
練馬区,南大泉,42,17.565760229065305,練馬区南大泉
東久留米市,学園町,42,20.854150083547083,東久留米市学園町
東久留米市,新川町,42,21.051220219858298,東久留米市新川町
東久留米市,ひばりが丘団地,42,20.98087621943599,東久留米市ひばりが丘団地
東久留米市,本町,42,21.677711022958036,東久留米市本町
東久留米市,南沢,42,21.4280897280739,東久留米市南沢
西東京市,泉町,42,19.084667763482745,西東京市泉町
西東京市,栄町,42,19.443813880712074,西東京市栄町
西東京市,下保谷,42,18.703321858958684,西東京市下保谷
西東京市,住吉町,42,19.503659246431443,西東京市住吉町
西東京市,中町,42,18.371151545021682,西東京市中町
西東京市,東町,42,18.200036602634555,西東京市東町
西東京市,ひばりが丘,42,20.691597011066698,西東京市ひばりが丘
西東京市,ひばりが丘北,42,19.98696271309914,西東京市ひばりが丘北
西東京市,緑町,42,20.289004842292,西東京市緑町
西東京市,谷戸町,42,20.026354427650386,西東京市谷戸町
足立区,青井,43,11.481323007925145,足立区青井
足立区,綾瀬,43,11.113940628388463,足立区綾瀬
足立区,梅島,43,10.804440778928678,足立区梅島
足立区,梅田,43,9.924033380229341,足立区梅田
足立区,加平,43,12.397975661762795,足立区加平
足立区,北加平町,43,12.942720798241707,足立区北加平町
足立区,弘道,43,10.84017449529199,足立区弘道
足立区,佐野,43,13.883086748582306,足立区佐野
足立区,島根,43,11.383563499176384,足立区島根
足立区,辰沼,43,13.577011486143645,足立区辰沼
足立区,中央本町,43,10.970855718883811,足立区中央本町
足立区,東和,43,12.365332516605394,足立区東和
足立区,西綾瀬,43,10.42434789796766,足立区西綾瀬
足立区,東綾瀬,43,11.666591421397777,足立区東綾瀬
足立区,一ツ家,43,12.017368128112585,足立区一ツ家
足立区,平野,43,11.840697653958383,足立区平野
足立区,保塚町,43,12.518515913765862,足立区保塚町
足立区,谷中,43,12.681088907206759,足立区谷中
足立区,六月,43,12.019820237093152,足立区六月
足立区,六町,43,12.602457313617277,足立区六町
足立区,足立,44,9.95363903855968,足立区足立
足立区,千住,44,8.67358561803232,足立区千住
足立区,千住曙町,44,8.39068138971322,足立区千住曙町
足立区,千住旭町,44,8.622788382432626,足立区千住旭町
足立区,千住東,44,8.25438497569973,足立区千住東
足立区,千住大川町,44,8.987345820142034,足立区千住大川町
足立区,千住河原町,44,7.66871139254769,足立区千住河原町
足立区,千住寿町,44,8.636271504573866,足立区千住寿町
足立区,千住関屋町,44,7.917708460159792,足立区千住関屋町
足立区,千住龍田町,44,8.289435724871806,足立区千住龍田町
足立区,千住中居町,44,8.21942060113649,足立区千住中居町
足立区,千住仲町,44,7.930221583112279,足立区千住仲町
足立区,千住橋戸町,44,7.3504648046441545,足立区千住橋戸町
足立区,千住緑町,44,7.543827136916145,足立区千住緑町
足立区,千住宮元町,44,7.896520038800226,足立区千住宮元町
足立区,千住元町,44,8.634624376852523,足立区千住元町
足立区,日ノ出町,44,9.219621225525858,足立区日ノ出町
足立区,柳原,44,8.871876433717189,足立区柳原
葛飾区,お花茶屋,44,10.835533361487766,葛飾区お花茶屋
葛飾区,小菅,44,9.985859490072409,葛飾区小菅
葛飾区,宝町,44,10.01663682863855,葛飾区宝町
葛飾区,西亀有,44,11.4867112409401,葛飾区西亀有
葛飾区,堀切,44,10.063390708350962,葛飾区堀切
足立区,伊興,45,12.46517717015193,足立区伊興
足立区,伊興本町,45,13.088929109033543,足立区伊興本町
足立区,入谷,45,13.29398054515695,足立区入谷
足立区,加賀,45,11.73536286036197,足立区加賀
足立区,古千谷本町,45,13.570776226680449,足立区古千谷本町
足立区,皿沼,45,12.043080422621195,足立区皿沼
足立区,舎人,45,13.844819169017459,足立区舎人
足立区,西伊興,45,12.532744409359807,足立区西伊興
足立区,西竹の塚,45,12.529627003511784,足立区西竹の塚
足立区,東伊興,45,13.50247927496894,足立区東伊興
足立区,扇,46,9.037033498829786,足立区扇
足立区,興野,46,9.649258956732552,足立区興野
足立区,栗原,46,11.241522029901665,足立区栗原
足立区,江北,46,10.037361078718023,足立区江北
足立区,鹿浜,46,10.891520679702205,足立区鹿浜
足立区,新田,46,9.870947780607501,足立区新田
足立区,関原,46,9.649222534829411,足立区関原
足立区,椿,46,10.394919789936555,足立区椿
足立区,西新井,46,11.175672438105424,足立区西新井
足立区,西新井栄町,46,10.509234424991105,足立区西新井栄町
足立区,西新井本町,46,10.197369100930816,足立区西新井本町
足立区,本木北町,46,9.219001173649783,足立区本木北町
足立区,谷在家,46,11.36684965484552,足立区谷在家
足立区,大谷田,47,13.320086221031731,足立区大谷田
足立区,中川,47,13.075194368242418,足立区中川
葛飾区,金町,47,13.896927479343969,葛飾区金町
葛飾区,新宿,47,13.064147323459867,葛飾区新宿
葛飾区,東金町,47,15.021684597193993,葛飾区東金町
葛飾区,水元,47,14.83807278006666,葛飾区水元
葛飾区,南水元,47,14.071411973730823,葛飾区南水元
足立区,神明,48,14.178208597613734,足立区神明
足立区,竹の塚,48,12.697352871531125,足立区竹の塚
足立区,花畑,48,14.484007288484957,足立区花畑
足立区,保木間,48,13.303573999047272,足立区保木間
足立区,南花畑,48,13.435671276537875,足立区南花畑
足立区,六木,48,14.469882269053974,足立区六木
葛飾区,青戸,49,11.696104284959853,葛飾区青戸
葛飾区,鎌倉,49,13.232784263104573,葛飾区鎌倉
葛飾区,亀有,49,12.144183432025006,葛飾区亀有
葛飾区,柴又,49,13.687958521492591,葛飾区柴又
葛飾区,白鳥,49,11.041010671351575,葛飾区白鳥
葛飾区,高砂,49,12.55646939642607,葛飾区高砂
葛飾区,立石,49,10.564250049556296,葛飾区立石
葛飾区,細田,49,12.312596277653347,葛飾区細田
江戸川区,北小岩,49,13.928803634707215,江戸川区北小岩
葛飾区,奥戸,50,11.417425927384777,葛飾区奥戸
葛飾区,新小岩,50,10.527138191231804,葛飾区新小岩
葛飾区,西新小岩,50,9.640516086851864,葛飾区西新小岩
葛飾区,東新小岩,50,10.597043372223904,葛飾区東新小岩
葛飾区,東立石,50,10.152962026908762,葛飾区東立石
江戸川区,上一色,50,11.810017129928394,江戸川区上一色
江戸川区,鹿骨,50,12.675964421063213,江戸川区鹿骨
江戸川区,西小岩,50,12.713732577015271,江戸川区西小岩
江戸川区,東小岩,50,13.461871189965397,江戸川区東小岩
江戸川区,本一色,50,11.350102784361882,江戸川区本一色
江戸川区,南小岩,50,12.69966082348131,江戸川区南小岩
江戸川区,一之江,51,11.688668426159293,江戸川区一之江
江戸川区,大杉,51,11.733805327759153,江戸川区大杉
江戸川区,小松川,51,9.028445725024406,江戸川区小松川
江戸川区,中央,51,11.029979938698643,江戸川区中央
江戸川区,新堀,51,12.538541945277021,江戸川区新堀
江戸川区,西一之江,51,11.344181755593322,江戸川区西一之江
江戸川区,西小松川町,51,10.003259485790515,江戸川区西小松川町
江戸川区,春江町,51,11.946552590615944,江戸川区春江町
江戸川区,東小松川,51,10.108387547806368,江戸川区東小松川
江戸川区,平井,51,8.603763032437513,江戸川区平井
江戸川区,松江,51,10.73199397097299,江戸川区松江
江戸川区,松島,51,10.109089864120785,江戸川区松島
江戸川区,瑞江,51,12.675956109487991,江戸川区瑞江
江戸川区,一之江町,52,10.923352041553326,江戸川区一之江町
江戸川区,宇喜田町,52,10.051504864855765,江戸川区宇喜田町
江戸川区,江戸川,52,12.53105780028905,江戸川区江戸川
江戸川区,北葛西,52,9.7415647093531,江戸川区北葛西
江戸川区,清新町,52,9.526716984413794,江戸川区清新町
江戸川区,中葛西,52,10.801340053081711,江戸川区中葛西
江戸川区,西葛西,52,9.832995105156417,江戸川区西葛西
江戸川区,東葛西,52,11.798597266350917,江戸川区東葛西
江戸川区,船堀,52,10.188128976642835,江戸川区船堀
江戸川区,上篠崎,53,13.770633765879882,江戸川区上篠崎
江戸川区,篠崎町,54,14.091549411549254,江戸川区篠崎町
江戸川区,下篠崎町,54,14.610070903472526,江戸川区下篠崎町
江戸川区,南篠崎町,54,13.746817480700743,江戸川区南篠崎町
江戸川区,谷河内,54,13.25160017336288,江戸川区谷河内
江戸川区,南葛西,55,11.686655530514118,江戸川区南葛西
江戸川区,臨海町,55,10.735583094770682,江戸川区臨海町
八王子市,暁町,56,37.75925928211386,八王子市暁町
八王子市,追分町,56,39.43525841211986,八王子市追分町
八王子市,大谷町,56,36.5862182802152,八王子市大谷町
八王子市,左入町,56,36.92686483030857,八王子市左入町
八王子市,新町,56,37.38519443508531,八王子市新町
八王子市,高倉町,56,35.0066654733457,八王子市高倉町
八王子市,中町,56,37.83381720437958,八王子市中町
八王子市,中野上町,56,39.128599658967254,八王子市中野上町
八王子市,中野山王,56,38.58758609166906,八王子市中野山王
八王子市,八幡町,56,38.72190896967295,八王子市八幡町
八王子市,本町,56,38.1853553843768,八王子市本町
八王子市,南町,56,38.110936646604294,八王子市南町
八王子市,元本郷町,56,39.485191608698464,八王子市元本郷町
八王子市,八木町,56,39.10564487017487,八王子市八木町
八王子市,八日町,56,38.26597744475949,八王子市八日町
八王子市,横山町,56,37.73147338693836,八王子市横山町
八王子市,旭町,57,37.669974586545294,八王子市旭町
八王子市,上野町,57,38.66718097029349,八王子市上野町
八王子市,打越町,57,36.6392562652429,八王子市打越町
八王子市,片倉町,57,37.69040125707778,八王子市片倉町
八王子市,北野町,57,36.241927332667906,八王子市北野町
八王子市,小比企町,57,39.194762002422785,八王子市小比企町
八王子市,子安町,57,37.58419106478979,八王子市子安町
八王子市,台町,57,39.11362293438921,八王子市台町
八王子市,長沼町,57,35.1784425872262,八王子市長沼町
八王子市,西片倉,57,38.51218121472771,八王子市西片倉
八王子市,三崎町,57,37.83518687455664,八王子市三崎町
八王子市,緑町,57,38.88061816173352,八王子市緑町
八王子市,明神町,57,36.952935046290136,八王子市明神町
八王子市,万町,57,38.20126185027205,八王子市万町
八王子市,大塚,58,30.66254778104769,八王子市大塚
八王子市,南陽台,58,34.563824028997225,八王子市南陽台
八王子市,東中野,58,31.81769853202247,八王子市東中野
日野市,平山,58,34.225909124960936,日野市平山
日野市,程久保,58,31.770510389102725,日野市程久保
日野市,三沢,58,30.63088047115615,日野市三沢
日野市,南平,58,32.2643693241791,日野市南平
八王子市,鹿島,59,30.16791529563525,八王子市鹿島
府中市,南町,59,25.939773314929955,府中市南町
日野市,百草,59,29.90325491146682,日野市百草
多摩市,愛宕,59,29.498052325271136,多摩市愛宕
多摩市,一ノ宮,59,27.951647386807814,多摩市一ノ宮
多摩市,乞田,59,28.91803194354499,多摩市乞田
多摩市,桜ケ丘,59,28.406934548566984,多摩市桜ケ丘
多摩市,関戸,59,27.56969816849554,多摩市関戸
多摩市,馬引沢,59,27.734791235259024,多摩市馬引沢
多摩市,連光寺,59,26.81830646632159,多摩市連光寺
多摩市,和田,59,29.597629926913903,多摩市和田
多摩市,東寺方,59,28.716306557300307,多摩市東寺方
八王子市,叶谷町,60,40.72124206254082,八王子市叶谷町
八王子市,諏訪町,60,41.68349723819301,八王子市諏訪町
八王子市,千人町,60,40.10748403146919,八王子市千人町
八王子市,寺町,60,40.14502325169784,八王子市寺町
八王子市,西寺方町,60,43.43734649385938,八王子市西寺方町
八王子市,日吉町,60,39.83825987408539,八王子市日吉町
八王子市,横川町,60,40.842535025134495,八王子市横川町
八王子市,四谷町,60,41.264185623770295,八王子市四谷町
八王子市,上柚木,61,35.39014722369305,八王子市上柚木
八王子市,越野,61,33.551529828311885,八王子市越野
八王子市,下柚木,61,34.55959410261977,八王子市下柚木
八王子市,別所,61,33.44977338818617,八王子市別所
八王子市,堀之内,61,32.64726931299972,八王子市堀之内
八王子市,松が谷,61,30.9833063501374,八王子市松が谷
八王子市,松木,61,33.32327426532515,八王子市松木
八王子市,南大沢,61,34.794583508229024,八王子市南大沢
多摩市,唐木田,61,32.53329219418197,多摩市唐木田
多摩市,鶴牧,61,31.15278098921192,多摩市鶴牧
多摩市,中沢,61,31.789844361625622,多摩市中沢
八王子市,川口町,62,43.02233035025305,八王子市川口町
八王子市,北野台,63,36.66174336945577,八王子市北野台
八王子市,七国,63,39.55434977496694,八王子市七国
八王子市,兵衛,63,38.56696685467036,八王子市兵衛
八王子市,みなみ野,63,39.27254465367251,八王子市みなみ野
八王子市,鑓水,63,37.007822773519976,八王子市鑓水
八王子市,久保山町,64,35.714985758783605,八王子市久保山町
昭島市,大神町,64,35.465742965672206,昭島市大神町
昭島市,田中町,64,36.10699162227932,昭島市田中町
昭島市,拝島町,64,37.184159444362834,昭島市拝島町
昭島市,宮沢町,64,34.954804141103736,昭島市宮沢町
八王子市,高尾町,65,45.79758309134446,八王子市高尾町
八王子市,館町,66,42.58995714435164,八王子市館町
八王子市,寺田町,66,41.031412661213004,八王子市寺田町
八王子市,初沢町,66,43.67979175978725,八王子市初沢町
町田市,相原町,66,41.70719492415886,町田市相原町
八王子市,長房町,67,41.54812506498082,八王子市長房町
八王子市,並木町,67,40.8489547540215,八王子市並木町
八王子市,狭間町,67,42.79060080807906,八王子市狭間町
八王子市,東浅川町,67,41.917084202103844,八王子市東浅川町
八王子市,めじろ台,67,40.63186945472436,八王子市めじろ台
八王子市,山田町,67,39.84996365818527,八王子市山田町
立川市,曙町,68,30.5002770656907,立川市曙町
立川市,柴崎町,68,31.314654202391015,立川市柴崎町
立川市,高松町,68,30.3530238658031,立川市高松町
立川市,錦町,68,30.33634139121697,立川市錦町
立川市,富士見町,68,32.19196328417058,立川市富士見町
立川市,緑町,68,31.620428697448908,立川市緑町
昭島市,朝日町,68,34.49492075179399,昭島市朝日町
昭島市,東町,68,32.94275874573686,昭島市東町
昭島市,郷地町,68,33.213873303497664,昭島市郷地町
昭島市,玉川町,68,33.79009440077704,昭島市玉川町
昭島市,中神町,68,34.35686106827921,昭島市中神町
昭島市,もくせいの杜,68,33.08104098228467,昭島市もくせいの杜
日野市,栄町,68,32.92756452200536,日野市栄町
昭島市,福島町,68,33.6925171324366,昭島市福島町
立川市,一番町,69,34.199962527753534,立川市一番町
立川市,柏町,69,30.975687279654974,立川市柏町
立川市,上砂町,69,33.207417515127034,立川市上砂町
立川市,砂川町,69,31.99364762578133,立川市砂川町
昭島市,つつじが丘,69,34.93471877452604,昭島市つつじが丘
昭島市,武蔵野,69,34.26524334525311,昭島市武蔵野
立川市,幸町,70,29.95090047826859,立川市幸町
立川市,栄町,70,29.640542497852287,立川市栄町
立川市,若葉町,70,28.612415127759082,立川市若葉町
小平市,小川町,70,26.809132068223548,小平市小川町
小平市,栄町,70,28.184255144417747,小平市栄町
小平市,上水本町,70,25.700480806350846,小平市上水本町
小平市,たかの台,70,27.249977561529736,小平市たかの台
国分寺市,並木町,70,27.388295090162963,国分寺市並木町
国分寺市,東戸倉,70,26.133407944569637,国分寺市東戸倉
東大和市,桜が丘,70,30.320792579091712,東大和市桜が丘
立川市,西砂町,71,35.612656080360466,立川市西砂町
昭島市,昭和町,71,35.33139888005786,昭島市昭和町
昭島市,松原町,71,36.83865835334805,昭島市松原町
昭島市,美堀町,71,36.07769941140254,昭島市美堀町
福生市,牛浜,71,38.32938502745106,福生市牛浜
福生市,大字熊川,71,37.56408814318964,福生市大字熊川
福生市,志茂,71,38.6627092130514,福生市志茂
立川市,羽衣町,72,29.611349152982395,立川市羽衣町
府中市,北山町,72,26.77974754990731,府中市北山町
府中市,武蔵台,72,26.240611523296273,府中市武蔵台
国分寺市,泉町,72,25.609808512550288,国分寺市泉町
国分寺市,戸倉,72,26.91399816892261,国分寺市戸倉
国分寺市,内藤,72,26.83295835197978,国分寺市内藤
国分寺市,西恋ケ窪,72,26.068995308219883,国分寺市西恋ケ窪
国分寺市,西町,72,28.89031108827,国分寺市西町
国分寺市,西元町,72,25.584447125695675,国分寺市西元町
国分寺市,東恋ケ窪,72,25.590728233487596,国分寺市東恋ケ窪
国分寺市,光町,72,28.094640832145775,国分寺市光町
国分寺市,日吉町,72,26.85139617996385,国分寺市日吉町
国分寺市,富士本,72,27.66539494137819,国分寺市富士本
国立市,青柳,72,29.863284893720223,国立市青柳
国立市,北,72,28.532682086829542,国立市北
国立市,中,72,28.098836419557667,国立市中
国立市,西,72,28.776905447919038,国立市西
国立市,東,72,27.320933155283363,国立市東
国立市,富士見台,72,28.310049025774372,国立市富士見台
武蔵野市,吉祥寺本町,73,16.232683383471056,武蔵野市吉祥寺本町
武蔵野市,御殿山,73,16.68623134084993,武蔵野市御殿山
武蔵野市,境,73,19.178693825405485,武蔵野市境
武蔵野市,中町,73,17.21390847467003,武蔵野市中町
武蔵野市,西久保,73,17.799569903465713,武蔵野市西久保
三鷹市,井口,73,19.14188402635711,三鷹市井口
三鷹市,上連雀,73,17.954883134270336,三鷹市上連雀
三鷹市,下連雀,73,16.97311144809848,三鷹市下連雀
三鷹市,深大寺,73,19.355555224481392,三鷹市深大寺
小金井市,梶野町,73,20.58591962145713,小金井市梶野町
三鷹市,新川,74,16.392822017031577,三鷹市新川
三鷹市,中原,74,16.54862499840626,三鷹市中原
三鷹市,野崎,74,18.691405470408565,三鷹市野崎
調布市,佐須町,74,18.073849687925264,調布市佐須町
調布市,柴崎,74,17.322265690373808,調布市柴崎
調布市,深大寺北町,74,18.484394937067893,調布市深大寺北町
調布市,深大寺東町,74,17.587332276059048,調布市深大寺東町
調布市,深大寺南町,74,17.861618656050688,調布市深大寺南町
調布市,調布ケ丘,74,18.83414423684775,調布市調布ケ丘
調布市,西つつじケ丘,74,16.603520538935435,調布市西つつじケ丘
調布市,富士見町,74,19.596959489428336,調布市富士見町
三鷹市,大沢,74,19.71839505469549,三鷹市大沢
調布市,深大寺元町,74,18.76324255054073,調布市深大寺元町
青梅市,天ヶ瀬町,75,46.95556627876813,青梅市天ヶ瀬町
青梅市,大柳町,75,46.792820541311485,青梅市大柳町
青梅市,滝ノ上町,75,46.370979818600496,青梅市滝ノ上町
青梅市,畑中,75,47.3492168546481,青梅市畑中
青梅市,勝沼,76,45.58982405936373,青梅市勝沼
青梅市,野上町,76,43.59010235495515,青梅市野上町
青梅市,東青梅,76,44.626626337579005,青梅市東青梅
青梅市,吹上,76,44.81752266563099,青梅市吹上
青梅市,師岡町,76,44.1098268214739,青梅市師岡町
青梅市,河辺町,77,43.387952112162594,青梅市河辺町
青梅市,新町,77,41.73812730345501,青梅市新町
青梅市,末広町,77,41.254547005633114,青梅市末広町
青梅市,千ヶ瀬町,77,45.16281633511153,青梅市千ヶ瀬町
青梅市,長淵,77,44.92720985493159,青梅市長淵
青梅市,西分町,77,45.638315278845475,青梅市西分町
羽村市,小作台,77,42.16895725052067,羽村市小作台
羽村市,栄町,77,41.20499170658877,羽村市栄町
青梅市,上町,78,46.63804206843842,青梅市上町
青梅市,住江町,78,45.98095032787632,青梅市住江町
青梅市,仲町,78,46.42604090536495,青梅市仲町
青梅市,本町,78,46.126996246116235,青梅市本町
府中市,朝日町,79,21.21626615810158,府中市朝日町
府中市,寿町,79,25.05084422395764,府中市寿町
府中市,小柳町,79,22.809840076107605,府中市小柳町
府中市,幸町,79,24.427269285175694,府中市幸町
府中市,清水が丘,79,23.212967407334652,府中市清水が丘
府中市,白糸台,79,21.82264856859518,府中市白糸台
府中市,浅間町,79,23.090423019663948,府中市浅間町
府中市,天神町,79,23.78528451598022,府中市天神町
府中市,八幡町,79,24.01711667802276,府中市八幡町
府中市,晴見町,79,25.06063213353723,府中市晴見町
府中市,府中町,79,24.417938124192638,府中市府中町
府中市,緑町,79,23.86936023554426,府中市緑町
府中市,宮西町,79,25.094902310528457,府中市宮西町
府中市,宮町,79,24.61229358204295,府中市宮町
府中市,紅葉丘,79,21.696924757414152,府中市紅葉丘
府中市,矢崎町,79,25.10563966421945,府中市矢崎町
府中市,若松町,79,22.77518859900422,府中市若松町
調布市,飛田給,79,21.04152822817456,調布市飛田給
府中市,押立町,80,21.924038062577914,府中市押立町
府中市,是政,80,24.0944865862439,府中市是政
調布市,上石原,80,20.807890588130523,調布市上石原
稲城市,大丸,80,25.298295683813762,稲城市大丸
稲城市,押立,80,22.060667427702054,稲城市押立
稲城市,向陽台,80,24.327296142889782,稲城市向陽台
稲城市,東長沼,80,23.17922852704043,稲城市東長沼
稲城市,百村,80,23.715292907785066,稲城市百村
稲城市,矢野口,80,22.335037922824892,稲城市矢野口
府中市,片町,81,25.54323998384147,府中市片町
府中市,住吉町,81,26.980635768745707,府中市住吉町
府中市,東芝町,81,25.92138992142611,府中市東芝町
府中市,西原町,81,26.7901093885619,府中市西原町
府中市,西府町,81,27.005052064245163,府中市西府町
府中市,日鋼町,81,25.574912913149245,府中市日鋼町
府中市,日新町,81,27.59034220935627,府中市日新町
府中市,分梅町,81,26.283149664706638,府中市分梅町
府中市,本宿町,81,26.449689604282092,府中市本宿町
府中市,本町,81,25.35662870738586,府中市本町
府中市,美好町,81,25.871705845751666,府中市美好町
府中市,四谷,81,28.137450351387468,府中市四谷
日野市,落川,81,29.382111766023325,日野市落川
国立市,谷保,81,27.90900822344967,国立市谷保
府中市,栄町,82,24.924452671799187,府中市栄町
府中市,新町,82,23.848707166281482,府中市新町
小金井市,中町,82,21.68002067922404,小金井市中町
小金井市,貫井北町,82,23.445258412787933,小金井市貫井北町
小金井市,貫井南町,82,23.386789643438362,小金井市貫井南町
小金井市,東町,82,20.53587292746922,小金井市東町
小金井市,本町,82,22.369595072995313,小金井市本町
小金井市,前原町,82,22.27743049500075,小金井市前原町
小金井市,緑町,82,21.482566517194087,小金井市緑町
国分寺市,東元町,82,24.60573347634796,国分寺市東元町
国分寺市,本多,82,24.60293455709841,国分寺市本多
国分寺市,本町,82,24.63266605014542,国分寺市本町
国分寺市,南町,82,24.37602988699327,国分寺市南町
調布市,菊野台,83,17.076506947146992,調布市菊野台
調布市,国領町,83,18.160780911885873,調布市国領町
調布市,小島町,83,19.705906073811498,調布市小島町
調布市,下石原,83,20.203201697737274,調布市下石原
調布市,染地,83,18.767106360319115,調布市染地
調布市,多摩川,83,20.290006307975958,調布市多摩川
調布市,東つつじケ丘,83,16.081563866942467,調布市東つつじケ丘
調布市,布田,83,19.130512637768277,調布市布田
調布市,八雲台,83,18.056507891834514,調布市八雲台
狛江市,和泉本町,83,16.86920232317542,狛江市和泉本町
狛江市,中和泉,83,17.38850177091481,狛江市中和泉
狛江市,西和泉,83,17.843113330066846,狛江市西和泉
狛江市,西野川,83,16.763650833074976,狛江市西野川
町田市,旭町,84,31.702830037758357,町田市旭町
町田市,金井,84,28.934044064674314,町田市金井
町田市,金井町,84,29.182620448793255,町田市金井町
町田市,木曽東,84,32.576631277746124,町田市木曽東
町田市,玉川学園,84,29.67215276719886,町田市玉川学園
町田市,東玉川学園,84,29.28255631447127,町田市東玉川学園
町田市,本町田,84,31.011806312043603,町田市本町田
町田市,南大谷,84,30.343025096664263,町田市南大谷
町田市,山崎,84,32.04242305818348,町田市山崎
町田市,山崎町,84,31.17496561023955,町田市山崎町
町田市,大蔵町,85,28.193780091086488,町田市大蔵町
町田市,真光寺,85,27.461234563844318,町田市真光寺
町田市,図師町,85,31.780281763964528,町田市図師町
町田市,鶴川,85,27.702467823632762,町田市鶴川
町田市,小川,86,31.00436171035262,町田市小川
町田市,鶴間,86,32.13575976513771,町田市鶴間
町田市,南町田,86,31.842567907243684,町田市南町田
町田市,小山ヶ丘,87,36.07409463423857,町田市小山ヶ丘
町田市,小山田桜台,88,33.3932304204976,町田市小山田桜台
町田市,小山町,88,35.4413422699438,町田市小山町
町田市,金森,89,31.832363953964375,町田市金森
町田市,中町,89,31.456141891901257,町田市中町
町田市,原町田,89,31.600870067230375,町田市原町田
町田市,森野,89,32.335513682213964,町田市森野
町田市,忠生,90,32.58127573695191,町田市忠生
町田市,成瀬,91,29.52743496313991,町田市成瀬
町田市,南成瀬,91,30.00662773913803,町田市南成瀬
町田市,成瀬台,92,28.856157865806175,町田市成瀬台
町田市,三輪緑山,92,26.93560452855301,町田市三輪緑山
町田市,能ヶ谷,93,26.61362451576621,町田市能ヶ谷
町田市,南つくし野,94,31.00091401491234,町田市南つくし野
小金井市,桜町,95,22.270726150497637,小金井市桜町
小平市,学園西町,95,25.46533952994927,小平市学園西町
小平市,学園東町,95,24.60877697469918,小平市学園東町
小平市,喜平町,95,24.305124407176724,小平市喜平町
小平市,上水南町,95,24.194200311575088,小平市上水南町
小平市,鈴木町,95,23.094792928369266,小平市鈴木町
小平市,天神町,95,23.74204784702809,小平市天神町
小平市,仲町,95,24.715776403420495,小平市仲町
小平市,花小金井,95,22.55149653800792,小平市花小金井
小平市,花小金井南町,95,21.800294615339276,小平市花小金井南町
小平市,御幸町,95,22.782410964973376,小平市御幸町
小平市,回田町,95,23.565661021387516,小平市回田町
西東京市,芝久保町,95,21.190195087623295,西東京市芝久保町
東久留米市,弥生,95,23.095692441181978,東久留米市弥生
小平市,大沼町,96,23.75350962674229,小平市大沼町
小平市,美園町,96,24.533318131910406,小平市美園町
東村山市,恩多町,96,25.54278905214618,東村山市恩多町
東村山市,萩山町,96,25.68289864379661,東村山市萩山町
東久留米市,下里,96,23.9900143757113,東久留米市下里
東久留米市,滝山,96,23.344381483181273,東久留米市滝山
東久留米市,中央町,96,22.246922613276546,東久留米市中央町
東久留米市,野火止,96,23.404495468703008,東久留米市野火止
東久留米市,八幡町,96,23.05064493578836,東久留米市八幡町
東久留米市,前沢,96,22.48553439815523,東久留米市前沢
東久留米市,南町,96,21.627136443556417,東久留米市南町
東久留米市,柳窪,96,24.55006914788474,東久留米市柳窪
小平市,小川東町,97,26.155461101752145,小平市小川東町
東村山市,栄町,97,26.474723743605338,東村山市栄町
東村山市,野口町,97,27.84062221982102,東村山市野口町
東村山市,富士見町,97,27.78448257537855,東村山市富士見町
東村山市,本町,97,26.83035302218573,東村山市本町
東村山市,美住町,97,27.439591858846693,東村山市美住町
東村山市,廻田町,97,28.515494850690736,東村山市廻田町
東大和市,清水,97,28.856226642201776,東大和市清水
東大和市,南街,97,29.728211345044986,東大和市南街
東大和市,向原,97,28.961463003818213,東大和市向原
日野市,旭が丘,98,34.91697990305076,日野市旭が丘
日野市,大坂上,98,32.929194639169815,日野市大坂上
日野市,新町,98,33.33103110726382,日野市新町
日野市,神明,98,32.40321149385703,日野市神明
日野市,高幡,98,30.760014358755768,日野市高幡
日野市,多摩平,98,33.740843775429894,日野市多摩平
日野市,豊田,98,33.270663783705785,日野市豊田
日野市,大字日野,98,31.062844611687808,日野市大字日野
日野市,日野台,98,33.926207086361856,日野市日野台
日野市,日野本町,98,31.990518373200082,日野市日野本町
日野市,富士町,98,34.27746357139945,日野市富士町
日野市,万願寺,98,30.56314143351593,日野市万願寺
日野市,大字宮,98,31.37681054410852,日野市大字宮
東村山市,青葉町,99,25.028055160244858,東村山市青葉町
東村山市,秋津町,99,25.963238773614698,東村山市秋津町
東村山市,久米川町,99,26.570505127355116,東村山市久米川町
清瀬市,梅園,99,24.419541741780776,清瀬市梅園
清瀬市,上清戸,99,23.211350448682655,清瀬市上清戸
清瀬市,竹丘,99,23.900118923877134,清瀬市竹丘
清瀬市,中里,99,23.878576084018814,清瀬市中里
清瀬市,野塩,99,24.80049028343431,清瀬市野塩
清瀬市,松山,99,23.435085397437007,清瀬市松山
清瀬市,元町,99,23.518766918522218,清瀬市元町
東久留米市,小山,99,22.5374098494913,東久留米市小山
東村山市,多摩湖町,100,29.03184347076989,東村山市多摩湖町
福生市,加美平,101,39.43356416087703,福生市加美平
福生市,東町,101,39.02171362889322,福生市東町
福生市,大字福生,101,39.512190456482905,福生市大字福生
福生市,本町,101,38.87983172265939,福生市本町
福生市,武蔵野台,101,38.77849420650899,福生市武蔵野台
羽村市,川崎,101,40.18296095142935,羽村市川崎
羽村市,五ノ神,101,39.964185972900225,羽村市五ノ神
羽村市,神明台,101,39.44562700761625,羽村市神明台
狛江市,東和泉,102,17.15458661421755,狛江市東和泉
狛江市,元和泉,102,17.520970439525247,狛江市元和泉
東大和市,上北台,103,31.391009452570266,東大和市上北台
東大和市,蔵敷,103,31.06664277209799,東大和市蔵敷
東大和市,立野,103,30.73112018450997,東大和市立野
武蔵村山市,伊奈平,103,34.55788527866633,武蔵村山市伊奈平
武蔵村山市,大南,103,32.023839881252094,武蔵村山市大南
武蔵村山市,学園,103,32.72286132994575,武蔵村山市学園
清瀬市,旭が丘,104,22.864664786079366,清瀬市旭が丘
東久留米市,金山町,105,21.389195627208295,東久留米市金山町
東久留米市,大門町,105,21.18097962131014,東久留米市大門町
多摩市,落合,106,30.417515911560304,多摩市落合
多摩市,貝取,106,29.098169396621415,多摩市貝取
多摩市,諏訪,106,27.82860483645004,多摩市諏訪
多摩市,豊ケ丘,106,29.691029691871048,多摩市豊ケ丘
多摩市,永山,106,28.595586132645217,多摩市永山
多摩市,聖ケ丘,106,27.21801484549101,多摩市聖ケ丘
多摩市,南野,106,30.279254142995995,多摩市南野
稲城市,若葉台,106,26.328071547224656,稲城市若葉台
稲城市,長峰,107,25.155653705879427,稲城市長峰
稲城市,平尾,107,25.250585349488833,稲城市平尾
羽村市,玉川,108,40.48234292608122,羽村市玉川
羽村市,羽東,108,40.68579403238073,羽村市羽東
西多摩郡日の出町,大字平井,108,44.45180149742828,西多摩郡日の出町大字平井
羽村市,緑ヶ丘,109,40.51219418119603,羽村市緑ヶ丘
西多摩郡瑞穂町,大字高根,109,36.931524725757285,西多摩郡瑞穂町大字高根
西多摩郡瑞穂町,大字箱根ケ崎,109,38.58049806000261,西多摩郡瑞穂町大字箱根ケ崎
西多摩郡瑞穂町,箱根ケ崎東松原,109,38.62578303045089,西多摩郡瑞穂町箱根ケ崎東松原
あきる野市,秋川,110,42.34109960634535,あきる野市秋川
あきる野市,秋留,110,41.29910128711413,あきる野市秋留
あきる野市,油平,110,42.422689538031236,あきる野市油平
あきる野市,山田,111,44.889109884814665,あきる野市山田
新島村,式根島,112,158.5529772754827,新島村式根島
新島村,本村,112,152.28492107007736,新島村本村
八丈町,大賀郷,113,284.44813400339564,八丈町大賀郷
八丈町,三根,114,283.94994691249246,八丈町三根
小笠原村,父島,115,983.1461405819778,小笠原村父島
